Administrator,j.doe@amonic.com,123,John,Doe,Abu dhabi,1/13/1983,1
User,k.omar@amonic.com,4258,Karim,Omar,Abu dhabi,3/19/1980,1
User,h.saeed@amonic.com,2020,Hannan,Saeed,Cairo,12/20/1989,1
User,a.hobart@amonic.com,6996,Andrew,Hobart,Riyadh,1/30/1990,1
User,k.anderson@amonic.com,4570,Katrin,Anderson,Doha,11/10/1992,1
User,h.wyrick@amonic.com,1199,Hava,Wyrick,Abu dhabi,8/8/1988,1
User,marie.horn@amonic.com,55555,Marie,Horn,Bahrain,4/6/1981,1
User,m.osteen@amonic.com,9800,Milagros,Osteen,Abu dhabi,2/3/1991,0
